Workbook

Sheet Instructions
A1: MIT Flyer Coverage Tracker
A3: How to use:
A5: 1. Go to 'Coverage Data' to enter posting data. One row = one posting spot.
A6: 2. Columns: Building, Bldg #, Floor, Spot Name, Spot Type, Assigned To, Posted (YES/NO), Date, Notes.
A7: 3. 'Summary' auto-calculates coverage by building.
A8: 4. Update the 'Spot Name' column with real spot descriptions (e.g. 'Main Lobby Board').
A9: 5. Update the Posted column and Date after each flyering run.
A10: 6. To publish: File > Share > Publish to web > select 'Coverage Data' > CSV.
A12: This tracker covers 60 buildings and 287 spots.

Sheet Coverage Data
A1: Building | B1: Bldg # | C1: Floor | D1: Spot Name | E1: Spot Type | F1: Assigned To | G1: Posted | H1: Date Posted | I1: Notes
A2: Bldg 1 – Civil & Environmental Eng | B2: 1 | C2: 1 | D2: Floor 1 Board | E2: Bulletin Board | F2: Priya | G2: NO
A3: Bldg 1 – Civil & Environmental Eng | B3: 1 | C3: 2 | D3: Floor 2 Board | E3: Bulletin Board | F3: Priya | G3: NO
A4: Bldg 1 – Civil & Environmental Eng | B4: 1 | C4: 3 | D4: Floor 3 Board | E4: Bulletin Board | F4: Priya | G4: YES | H4: 2026-03-10
A5: Bldg 1 – Civil & Environmental Eng | B5: 1 | C5: 4 | D5: Floor 4 Board | E5: Bulletin Board | F5: Priya | G5: NO | I5: Couldn't access
A6: Bldg 2 – Mechanical Eng | B6: 2 | C6: 1 | D6: Floor 1 Board | E6: Bulletin Board | F6: Marcus | G6: NO | I6: Need permission
A7: Bldg 2 – Mechanical Eng | B7: 2 | C7: 2 | D7: Floor 2 Board | E7: Bulletin Board | F7: Marcus | G7: YES | H7: 2026-03-10
A8: Bldg 2 – Mechanical Eng | B8: 2 | C8: 3 | D8: Floor 3 Board | E8: Bulletin Board | F8: Marcus | G8: YES | H8: 2026-03-10
A9: Bldg 2 – Mechanical Eng | B9: 2 | C9: 4 | D9: Floor 4 Board | E9: Bulletin Board | F9: Marcus | G9: YES | H9: 2026-03-10
A10: Bldg 3 – Maclaurin (West) | B10: 3 | C10: 1 | D10: Floor 1 Board | E10: Bulletin Board | F10: Elena | G10: YES | H10: 2026-03-10
A11: Bldg 3 – Maclaurin (West) | B11: 3 | C11: 2 | D11: Floor 2 Board | E11: Bulletin Board | F11: Elena | G11: YES | H11: 2026-03-10
A12: Bldg 3 – Maclaurin (West) | B12: 3 | C12: 3 | D12: Floor 3 Board | E12: Bulletin Board | F12: Elena | G12: YES | H12: 2026-03-10
A13: Bldg 3 – Maclaurin (West) | B13: 3 | C13: 4 | D13: Floor 4 Board | E13: Bulletin Board | F13: Elena | G13: YES | H13: 2026-03-10
A14: Bldg 4 – Maclaurin (East) | B14: 4 | C14: 1 | D14: Floor 1 Board | E14: Bulletin Board | F14: DeShawn | G14: NO | I14: Need permission
A15: Bldg 4 – Maclaurin (East) | B15: 4 | C15: 2 | D15: Floor 2 Board | E15: Bulletin Board | F15: DeShawn | G15: YES | H15: 2026-03-10
A16: Bldg 4 – Maclaurin (East) | B16: 4 | C16: 3 | D16: Floor 3 Board | E16: Bulletin Board | F16: DeShawn | G16: YES | H16: 2026-03-10
A17: Bldg 4 – Maclaurin (East) | B17: 4 | C17: 4 | D17: Floor 4 Board | E17: Bulletin Board | F17: DeShawn | G17: YES | H17: 2026-03-10
A18: Bldg 5 – Chemistry | B18: 5 | C18: 1 | D18: Floor 1 Board | E18: Bulletin Board | F18: Lina | G18: NO
A19: Bldg 5 – Chemistry | B19: 5 | C19: 2 | D19: Floor 2 Board | E19: Bulletin Board | F19: Lina | G19: NO | I19: Couldn't access
A20: Bldg 5 – Chemistry | B20: 5 | C20: 3 | D20: Floor 3 Board | E20: Bulletin Board | F20: Lina | G20: YES | H20: 2026-03-10
A21: Bldg 5 – Chemistry | B21: 5 | C21: 4 | D21: Floor 4 Board | E21: Bulletin Board | F21: Lina | G21: YES | H21: 2026-03-10
A22: Bldg 6 – Electrical Eng | B22: 6 | C22: 1 | D22: Floor 1 Board | E22: Bulletin Board | F22: Jordan | G22: YES | H22: 2026-03-10
A23: Bldg 6 – Electrical Eng | B23: 6 | C23: 2 | D23: Floor 2 Board | E23: Bulletin Board | F23: Jordan | G23: NO
A24: Bldg 6 – Electrical Eng | B24: 6 | C24: 3 | D24: Floor 3 Board | E24: Bulletin Board | F24: Jordan | G24: YES | H24: 2026-03-10
A25: Bldg 6 – Electrical Eng | B25: 6 | C25: 4 | D25: Floor 4 Board | E25: Bulletin Board | F25: Jordan | G25: YES | H25: 2026-03-10
A26: Bldg 7 – Rogers Building | B26: 7 | C26: 1 | D26: Floor 1 Board | E26: Bulletin Board | F26: Priya | G26: NO | I26: Need permission
A27: Bldg 7 – Rogers Building | B27: 7 | C27: 2 | D27: Floor 2 Board | E27: Bulletin Board | F27: Priya | G27: YES | H27: 2026-03-10
A28: Bldg 7 – Rogers Building | B28: 7 | C28: 3 | D28: Floor 3 Board | E28: Bulletin Board | F28: Priya | G28: YES | H28: 2026-03-10
A29: Bldg 7 – Rogers Building | B29: 7 | C29: 4 | D29: Floor 4 Board | E29: Bulletin Board | F29: Priya | G29: YES | H29: 2026-03-10
A30: Bldg 8 – Carr Lab | B30: 8 | C30: 1 | D30: Floor 1 Board | E30: Bulletin Board | F30: Marcus | G30: YES | H30: 2026-03-10
A31: Bldg 8 – Carr Lab | B31: 8 | C31: 2 | D31: Floor 2 Board | E31: Bulletin Board | F31: Marcus | G31: NO
A32: Bldg 8 – Carr Lab | B32: 8 | C32: 3 | D32: Floor 3 Board | E32: Bulletin Board | F32: Marcus | G32: YES | H32: 2026-03-10
A33: Bldg 8 – Carr Lab | B33: 8 | C33: 4 | D33: Floor 4 Board | E33: Bulletin Board | F33: Marcus | G33: NO | I33: Need permission
A34: Bldg 10 – Maclaurin (Great Dome) | B34: 10 | C34: 1 | D34: Floor 1 Board | E34: Bulletin Board | F34: Elena | G34: NO
A35: Bldg 10 – Maclaurin (Great Dome) | B35: 10 | C35: 2 | D35: Floor 2 Board | E35: Bulletin Board | F35: Elena | G35: YES | H35: 2026-03-10
A36: Bldg 10 – Maclaurin (Great Dome) | B36: 10 | C36: 3 | D36: Floor 3 Board | E36: Bulletin Board | F36: Elena | G36: NO
A37: Bldg 10 – Maclaurin (Great Dome) | B37: 10 | C37: 4 | D37: Floor 4 Board | E37: Bulletin Board | F37: Elena | G37: NO
A38: Bldg 9 – Hayden Library Annex | B38: 9 | C38: 1 | D38: Floor 1 Board | E38: Bulletin Board | F38: DeShawn | G38: YES | H38: 2026-03-10
A39: Bldg 9 – Hayden Library Annex | B39: 9 | C39: 2 | D39: Floor 2 Board | E39: Bulletin Board | F39: DeShawn | G39: YES | H39: 2026-03-10
A40: Bldg 9 – Hayden Library Annex | B40: 9 | C40: 3 | D40: Floor 3 Board | E40: Bulletin Board | F40: DeShawn | G40: YES | H40: 2026-03-10
A41: Bldg 11 – Homberg | B41: 11 | C41: 1 | D41: Floor 1 Board | E41: Bulletin Board | F41: Lina | G41: YES | H41: 2026-03-10
A42: Bldg 11 – Homberg | B42: 11 | C42: 2 | D42: Floor 2 Board | E42: Bulletin Board | F42: Lina | G42: YES | H42: 2026-03-10
A43: Bldg 11 – Homberg | B43: 11 | C43: 3 | D43: Floor 3 Board | E43: Bulletin Board | F43: Lina | G43: NO
A44: Bldg 13 – Bush Building | B44: 13 | C44: 1 | D44: Floor 1 Board | E44: Bulletin Board | F44: Jordan | G44: YES | H44: 2026-03-10
A45: Bldg 13 – Bush Building | B45: 13 | C45: 2 | D45: Floor 2 Board | E45: Bulletin Board | F45: Jordan | G45: YES | H45: 2026-03-10
A46: Bldg 13 – Bush Building | B46: 13 | C46: 3 | D46: Floor 3 Board | E46: Bulletin Board | F46: Jordan | G46: NO | I46: Couldn't access
A47: Bldg 13 – Bush Building | B47: 13 | C47: 4 | D47: Floor 4 Board | E47: Bulletin Board | F47: Jordan | G47: NO | I47: Couldn't access
A48: Bldg 14 – Hayden Library | B48: 14 | C48: 1 | D48: Floor 1 Board | E48: Bulletin Board | F48: Priya | G48: YES | H48: 2026-03-10
A49: Bldg 14 – Hayden Library | B49: 14 | C49: 2 | D49: Floor 2 Board | E49: Bulletin Board | F49: Priya | G49: NO | I49: Need permission
A50: Bldg 14 – Hayden Library | B50: 14 | C50: 3 | D50: Floor 3 Board | E50: Bulletin Board | F50: Priya | G50: NO
A51: Bldg 14 – Hayden Library | B51: 14 | C51: 4 | D51: Floor 4 Board | E51: Bulletin Board | F51: Priya | G51: YES | H51: 2026-03-10
A52: Bldg 16 – Dorrance (MatSci) | B52: 16 | C52: 1 | D52: Floor 1 Board | E52: Bulletin Board | F52: Marcus | G52: YES | H52: 2026-03-10
A53: Bldg 16 – Dorrance (MatSci) | B53: 16 | C53: 2 | D53: Floor 2 Board | E53: Bulletin Board | F53: Marcus | G53: NO | I53: Couldn't access
A54: Bldg 16 – Dorrance (MatSci) | B54: 16 | C54: 3 | D54: Floor 3 Board | E54: Bulletin Board | F54: Marcus | G54: YES | H54: 2026-03-10
A55: Bldg 16 – Dorrance (MatSci) | B55: 16 | C55: 4 | D55: Floor 4 Board | E55: Bulletin Board | F55: Marcus | G55: NO
A56: Bldg 18 – Dreyfus (Chemistry) | B56: 18 | C56: 1 | D56: Floor 1 Board | E56: Bulletin Board | F56: Elena | G56: NO
A57: Bldg 18 – Dreyfus (Chemistry) | B57: 18 | C57: 2 | D57: Floor 2 Board | E57: Bulletin Board | F57: Elena | G57: YES | H57: 2026-03-10
A58: Bldg 18 – Dreyfus (Chemistry) | B58: 18 | C58: 3 | D58: Floor 3 Board | E58: Bulletin Board | F58: Elena | G58: YES | H58: 2026-03-10
A59: Bldg 18 – Dreyfus (Chemistry) | B59: 18 | C59: 4 | D59: Floor 4 Board | E59: Bulletin Board | F59: Elena | G59: YES | H59: 2026-03-10
A60: Bldg 24 – Nuclear Sci & Eng | B60: 24 | C60: 1 | D60: Floor 1 Board | E60: Bulletin Board | F60: DeShawn | G60: YES | H60: 2026-03-10
A61: Bldg 24 – Nuclear Sci & Eng | B61: 24 | C61: 2 | D61: Floor 2 Board | E61: Bulletin Board | F61: DeShawn | G61: YES | H61: 2026-03-10
A62: Bldg 24 – Nuclear Sci & Eng | B62: 24 | C62: 3 | D62: Floor 3 Board | E62: Bulletin Board | F62: DeShawn | G62: NO | I62: Couldn't access
A63: Bldg 24 – Nuclear Sci & Eng | B63: 24 | C63: 4 | D63: Floor 4 Board | E63: Bulletin Board | F63: DeShawn | G63: YES | H63: 2026-03-10
A64: Bldg 24 – Nuclear Sci & Eng | B64: 24 | C64: 5 | D64: Floor 5 Board | E64: Bulletin Board | F64: DeShawn | G64: NO | I64: Board full
A65: Bldg 26 – Compton Labs | B65: 26 | C65: 1 | D65: Floor 1 Board | E65: Bulletin Board | F65: Lina | G65: NO | I65: Couldn't access
A66: Bldg 26 – Compton Labs | B66: 26 | C66: 2 | D66: Floor 2 Board | E66: Bulletin Board | F66: Lina | G66: YES | H66: 2026-03-10
A67: Bldg 26 – Compton Labs | B67: 26 | C67: 3 | D67: Floor 3 Board | E67: Bulletin Board | F67: Lina | G67: YES | H67: 2026-03-10
A68: Bldg 26 – Compton Labs | B68: 26 | C68: 4 | D68: Floor 4 Board | E68: Bulletin Board | F68: Lina | G68: YES | H68: 2026-03-10
A69: Bldg 26 – Compton Labs | B69: 26 | C69: 5 | D69: Floor 5 Board | E69: Bulletin Board | F69: Lina | G69: YES | H69: 2026-03-10
A70: Bldg 31 – Sloan Labs (Aero/Astro) | B70: 31 | C70: 1 | D70: Floor 1 Board | E70: Bulletin Board | F70: Jordan | G70: YES | H70: 2026-03-10
A71: Bldg 31 – Sloan Labs (Aero/Astro) | B71: 31 | C71: 2 | D71: Floor 2 Board | E71: Bulletin Board | F71: Jordan | G71: YES | H71: 2026-03-10
A72: Bldg 31 – Sloan Labs (Aero/Astro) | B72: 31 | C72: 3 | D72: Floor 3 Board | E72: Bulletin Board | F72: Jordan | G72: NO | I72: Board full
A73: Bldg 33 – Guggenheim (Aero) | B73: 33 | C73: 1 | D73: Floor 1 Board | E73: Bulletin Board | F73: Priya | G73: YES | H73: 2026-03-10
A74: Bldg 33 – Guggenheim (Aero) | B74: 33 | C74: 2 | D74: Floor 2 Board | E74: Bulletin Board | F74: Priya | G74: NO
A75: Bldg 33 – Guggenheim (Aero) | B75: 33 | C75: 3 | D75: Floor 3 Board | E75: Bulletin Board | F75: Priya | G75: YES | H75: 2026-03-10
A76: Bldg 33 – Guggenheim (Aero) | B76: 33 | C76: 4 | D76: Floor 4 Board | E76: Bulletin Board | F76: Priya | G76: YES | H76: 2026-03-10
A77: Bldg 34 – EG&G Education Center | B77: 34 | C77: 1 | D77: Floor 1 Board | E77: Bulletin Board | F77: Marcus | G77: YES | H77: 2026-03-10
A78: Bldg 34 – EG&G Education Center | B78: 34 | C78: 2 | D78: Floor 2 Board | E78: Bulletin Board | F78: Marcus | G78: YES | H78: 2026-03-10
A79: Bldg 34 – EG&G Education Center | B79: 34 | C79: 3 | D79: Floor 3 Board | E79: Bulletin Board | F79: Marcus | G79: NO
A80: Bldg 34 – EG&G Education Center | B80: 34 | C80: 4 | D80: Floor 4 Board | E80: Bulletin Board | F80: Marcus | G80: NO | I80: Need permission
A81: Bldg 35 – Sloan Automotive Lab | B81: 35 | C81: 1 | D81: Floor 1 Board | E81: Bulletin Board | F81: Elena | G81: YES | H81: 2026-03-10
A82: Bldg 35 – Sloan Automotive Lab | B82: 35 | C82: 2 | D82: Floor 2 Board | E82: Bulletin Board | F82: Elena | G82: YES | H82: 2026-03-10
A83: Bldg 35 – Sloan Automotive Lab | B83: 35 | C83: 3 | D83: Floor 3 Board | E83: Bulletin Board | F83: Elena | G83: NO | I83: Need permission
A84: Bldg 36 – Fairchild | B84: 36 | C84: 1 | D84: Floor 1 Board | E84: Bulletin Board | F84: DeShawn | G84: YES | H84: 2026-03-10
A85: Bldg 36 – Fairchild | B85: 36 | C85: 2 | D85: Floor 2 Board | E85: Bulletin Board | F85: DeShawn | G85: YES | H85: 2026-03-10
A86: Bldg 36 – Fairchild | B86: 36 | C86: 3 | D86: Floor 3 Board | E86: Bulletin Board | F86: DeShawn | G86: NO | I86: Couldn't access
A87: Bldg 36 – Fairchild | B87: 36 | C87: 4 | D87: Floor 4 Board | E87: Bulletin Board | F87: DeShawn | G87: NO | I87: Couldn't access
A88: Bldg 37 – McNair Building | B88: 37 | C88: 1 | D88: Floor 1 Board | E88: Bulletin Board | F88: Lina | G88: NO
A89: Bldg 37 – McNair Building | B89: 37 | C89: 2 | D89: Floor 2 Board | E89: Bulletin Board | F89: Lina | G89: YES | H89: 2026-03-10
A90: Bldg 37 – McNair Building | B90: 37 | C90: 3 | D90: Floor 3 Board | E90: Bulletin Board | F90: Lina | G90: NO
A91: Bldg 37 – McNair Building | B91: 37 | C91: 4 | D91: Floor 4 Board | E91: Bulletin Board | F91: Lina | G91: YES | H91: 2026-03-10
A92: Bldg 38 – Fairchild Annex | B92: 38 | C92: 1 | D92: Floor 1 Board | E92: Bulletin Board | F92: Jordan | G92: YES | H92: 2026-03-10
A93: Bldg 38 – Fairchild Annex | B93: 38 | C93: 2 | D93: Floor 2 Board | E93: Bulletin Board | F93: Jordan | G93: YES | H93: 2026-03-10
A94: Bldg 38 – Fairchild Annex | B94: 38 | C94: 3 | D94: Floor 3 Board | E94: Bulletin Board | F94: Jordan | G94: NO | I94: Couldn't access
A95: Bldg 38 – Fairchild Annex | B95: 38 | C95: 4 | D95: Floor 4 Board | E95: Bulletin Board | F95: Jordan | G95: YES | H95: 2026-03-10
A96: Bldg 39 – Brown Building | B96: 39 | C96: 1 | D96: Floor 1 Board | E96: Bulletin Board | F96: Priya | G96: YES | H96: 2026-03-10
A97: Bldg 39 – Brown Building | B97: 39 | C97: 2 | D97: Floor 2 Board | E97: Bulletin Board | F97: Priya | G97: YES | H97: 2026-03-10
A98: Bldg 39 – Brown Building | B98: 39 | C98: 3 | D98: Floor 3 Board | E98: Bulletin Board | F98: Priya | G98: NO
A99: Bldg 32 – Stata Center (CSAIL) | B99: 32 | C99: 1 | D99: Floor 1 Board | E99: Bulletin Board | F99: Marcus | G99: NO
A100: Bldg 32 – Stata Center (CSAIL) | B100: 32 | C100: 2 | D100: Floor 2 Board | E100: Bulletin Board | F100: Marcus | G100: NO | I100: Need permission
...

Sheet Summary
A1: Building | B1: Total Spots | C1: Posted | D1: Not Posted | E1: Coverage %
A2: Bldg 1 – Civil & Environmental Eng | B2: =COUNTIF('Coverage Data'!A2:A288,A2) -> 4 | C2: =COUNTIFS('Coverage Data'!A2:A288,A2,'Coverage Data'!G2:G288,"YES") -> 1 | D2: =B2-C2 -> 3 | E2: =IF(B2>0,C2/B2,0) -> 0.25
A3: Bldg 10 – Maclaurin (Great Dome) | B3: =COUNTIF('Coverage Data'!A2:A288,A3) -> 4 | C3: =COUNTIFS('Coverage Data'!A2:A288,A3,'Coverage Data'!G2:G288,"YES") -> 1 | D3: =B3-C3 -> 3 | E3: =IF(B3>0,C3/B3,0) -> 0.25
A4: Bldg 11 – Homberg | B4: =COUNTIF('Coverage Data'!A2:A288,A4) -> 3 | C4: =COUNTIFS('Coverage Data'!A2:A288,A4,'Coverage Data'!G2:G288,"YES") -> 2 | D4: =B4-C4 -> 1 | E4: =IF(B4>0,C4/B4,0) -> 0.66666667
A5: Bldg 13 – Bush Building | B5: =COUNTIF('Coverage Data'!A2:A288,A5) -> 4 | C5: =COUNTIFS('Coverage Data'!A2:A288,A5,'Coverage Data'!G2:G288,"YES") -> 2 | D5: =B5-C5 -> 2 | E5: =IF(B5>0,C5/B5,0) -> 0.5
A6: Bldg 14 – Hayden Library | B6: =COUNTIF('Coverage Data'!A2:A288,A6) -> 4 | C6: =COUNTIFS('Coverage Data'!A2:A288,A6,'Coverage Data'!G2:G288,"YES") -> 2 | D6: =B6-C6 -> 2 | E6: =IF(B6>0,C6/B6,0) -> 0.5
A7: Bldg 16 – Dorrance (MatSci) | B7: =COUNTIF('Coverage Data'!A2:A288,A7) -> 4 | C7: =COUNTIFS('Coverage Data'!A2:A288,A7,'Coverage Data'!G2:G288,"YES") -> 2 | D7: =B7-C7 -> 2 | E7: =IF(B7>0,C7/B7,0) -> 0.5
A8: Bldg 18 – Dreyfus (Chemistry) | B8: =COUNTIF('Coverage Data'!A2:A288,A8) -> 4 | C8: =COUNTIFS('Coverage Data'!A2:A288,A8,'Coverage Data'!G2:G288,"YES") -> 3 | D8: =B8-C8 -> 1 | E8: =IF(B8>0,C8/B8,0) -> 0.75
A9: Bldg 2 – Mechanical Eng | B9: =COUNTIF('Coverage Data'!A2:A288,A9) -> 4 | C9: =COUNTIFS('Coverage Data'!A2:A288,A9,'Coverage Data'!G2:G288,"YES") -> 3 | D9: =B9-C9 -> 1 | E9: =IF(B9>0,C9/B9,0) -> 0.75
A10: Bldg 24 – Nuclear Sci & Eng | B10: =COUNTIF('Coverage Data'!A2:A288,A10) -> 5 | C10: =COUNTIFS('Coverage Data'!A2:A288,A10,'Coverage Data'!G2:G288,"YES") -> 3 | D10: =B10-C10 -> 2 | E10: =IF(B10>0,C10/B10,0) -> 0.6
A11: Bldg 26 – Compton Labs | B11: =COUNTIF('Coverage Data'!A2:A288,A11) -> 5 | C11: =COUNTIFS('Coverage Data'!A2:A288,A11,'Coverage Data'!G2:G288,"YES") -> 4 | D11: =B11-C11 -> 1 | E11: =IF(B11>0,C11/B11,0) -> 0.8
A12: Bldg 3 – Maclaurin (West) | B12: =COUNTIF('Coverage Data'!A2:A288,A12) -> 4 | C12: =COUNTIFS('Coverage Data'!A2:A288,A12,'Coverage Data'!G2:G288,"YES") -> 4 | D12: =B12-C12 -> 0 | E12: =IF(B12>0,C12/B12,0) -> 1
A13: Bldg 31 – Sloan Labs (Aero/Astro) | B13: =COUNTIF('Coverage Data'!A2:A288,A13) -> 3 | C13: =COUNTIFS('Coverage Data'!A2:A288,A13,'Coverage Data'!G2:G288,"YES") -> 2 | D13: =B13-C13 -> 1 | E13: =IF(B13>0,C13/B13,0) -> 0.66666667
A14: Bldg 32 – Stata Center (CSAIL) | B14: =COUNTIF('Coverage Data'!A2:A288,A14) -> 9 | C14: =COUNTIFS('Coverage Data'!A2:A288,A14,'Coverage Data'!G2:G288,"YES") -> 5 | D14: =B14-C14 -> 4 | E14: =IF(B14>0,C14/B14,0) -> 0.55555556
A15: Bldg 33 – Guggenheim (Aero) | B15: =COUNTIF('Coverage Data'!A2:A288,A15) -> 4 | C15: =COUNTIFS('Coverage Data'!A2:A288,A15,'Coverage Data'!G2:G288,"YES") -> 3 | D15: =B15-C15 -> 1 | E15: =IF(B15>0,C15/B15,0) -> 0.75
A16: Bldg 34 – EG&G Education Center | B16: =COUNTIF('Coverage Data'!A2:A288,A16) -> 4 | C16: =COUNTIFS('Coverage Data'!A2:A288,A16,'Coverage Data'!G2:G288,"YES") -> 2 | D16: =B16-C16 -> 2 | E16: =IF(B16>0,C16/B16,0) -> 0.5
A17: Bldg 35 – Sloan Automotive Lab | B17: =COUNTIF('Coverage Data'!A2:A288,A17) -> 3 | C17: =COUNTIFS('Coverage Data'!A2:A288,A17,'Coverage Data'!G2:G288,"YES") -> 2 | D17: =B17-C17 -> 1 | E17: =IF(B17>0,C17/B17,0) -> 0.66666667
A18: Bldg 36 – Fairchild | B18: =COUNTIF('Coverage Data'!A2:A288,A18) -> 4 | C18: =COUNTIFS('Coverage Data'!A2:A288,A18,'Coverage Data'!G2:G288,"YES") -> 2 | D18: =B18-C18 -> 2 | E18: =IF(B18>0,C18/B18,0) -> 0.5
A19: Bldg 37 – McNair Building | B19: =COUNTIF('Coverage Data'!A2:A288,A19) -> 4 | C19: =COUNTIFS('Coverage Data'!A2:A288,A19,'Coverage Data'!G2:G288,"YES") -> 2 | D19: =B19-C19 -> 2 | E19: =IF(B19>0,C19/B19,0) -> 0.5
A20: Bldg 38 – Fairchild Annex | B20: =COUNTIF('Coverage Data'!A2:A288,A20) -> 4 | C20: =COUNTIFS('Coverage Data'!A2:A288,A20,'Coverage Data'!G2:G288,"YES") -> 3 | D20: =B20-C20 -> 1 | E20: =IF(B20>0,C20/B20,0) -> 0.75
A21: Bldg 39 – Brown Building | B21: =COUNTIF('Coverage Data'!A2:A288,A21) -> 3 | C21: =COUNTIFS('Coverage Data'!A2:A288,A21,'Coverage Data'!G2:G288,"YES") -> 2 | D21: =B21-C21 -> 1 | E21: =IF(B21>0,C21/B21,0) -> 0.66666667
A22: Bldg 4 – Maclaurin (East) | B22: =COUNTIF('Coverage Data'!A2:A288,A22) -> 4 | C22: =COUNTIFS('Coverage Data'!A2:A288,A22,'Coverage Data'!G2:G288,"YES") -> 3 | D22: =B22-C22 -> 1 | E22: =IF(B22>0,C22/B22,0) -> 0.75
A23: Bldg 45 – Schwarzman Computing | B23: =COUNTIF('Coverage Data'!A2:A288,A23) -> 5 | C23: =COUNTIFS('Coverage Data'!A2:A288,A23,'Coverage Data'!G2:G288,"YES") -> 3 | D23: =B23-C23 -> 2 | E23: =IF(B23>0,C23/B23,0) -> 0.6
A24: Bldg 46 – Brain & Cognitive Sci | B24: =COUNTIF('Coverage Data'!A2:A288,A24) -> 6 | C24: =COUNTIFS('Coverage Data'!A2:A288,A24,'Coverage Data'!G2:G288,"YES") -> 3 | D24: =B24-C24 -> 3 | E24: =IF(B24>0,C24/B24,0) -> 0.5
A25: Bldg 5 – Chemistry | B25: =COUNTIF('Coverage Data'!A2:A288,A25) -> 4 | C25: =COUNTIFS('Coverage Data'!A2:A288,A25,'Coverage Data'!G2:G288,"YES") -> 2 | D25: =B25-C25 -> 2 | E25: =IF(B25>0,C25/B25,0) -> 0.5
A26: Bldg 50 – Walker Memorial | B26: =COUNTIF('Coverage Data'!A2:A288,A26) -> 3 | C26: =COUNTIFS('Coverage Data'!A2:A288,A26,'Coverage Data'!G2:G288,"YES") -> 3 | D26: =B26-C26 -> 0 | E26: =IF(B26>0,C26/B26,0) -> 1
A27: Bldg 54 – Green Building (Earth Sci) | B27: =COUNTIF('Coverage Data'!A2:A288,A27) -> 18 | C27: =COUNTIFS('Coverage Data'!A2:A288,A27,'Coverage Data'!G2:G288,"YES") -> 12 | D27: =B27-C27 -> 6 | E27: =IF(B27>0,C27/B27,0) -> 0.66666667
A28: Bldg 56 – Whitaker (BioEng) | B28: =COUNTIF('Coverage Data'!A2:A288,A28) -> 5 | C28: =COUNTIFS('Coverage Data'!A2:A288,A28,'Coverage Data'!G2:G288,"YES") -> 4 | D28: =B28-C28 -> 1 | E28: =IF(B28>0,C28/B28,0) -> 0.8
A29: Bldg 6 – Electrical Eng | B29: =COUNTIF('Coverage Data'!A2:A288,A29) -> 4 | C29: =COUNTIFS('Coverage Data'!A2:A288,A29,'Coverage Data'!G2:G288,"YES") -> 3 | D29: =B29-C29 -> 1 | E29: =IF(B29>0,C29/B29,0) -> 0.75
A30: Bldg 62 – East Campus (West Parallel) | B30: =COUNTIF('Coverage Data'!A2:A288,A30) -> 5 | C30: =COUNTIFS('Coverage Data'!A2:A288,A30,'Coverage Data'!G2:G288,"YES") -> 2 | D30: =B30-C30 -> 3 | E30: =IF(B30>0,C30/B30,0) -> 0.4
A31: Bldg 64 – East Campus (East Parallel) | B31: =COUNTIF('Coverage Data'!A2:A288,A31) -> 5 | C31: =COUNTIFS('Coverage Data'!A2:A288,A31,'Coverage Data'!G2:G288,"YES") -> 2 | D31: =B31-C31 -> 3 | E31: =IF(B31>0,C31/B31,0) -> 0.4
A32: Bldg 66 – Landau (ChemE) | B32: =COUNTIF('Coverage Data'!A2:A288,A32) -> 5 | C32: =COUNTIFS('Coverage Data'!A2:A288,A32,'Coverage Data'!G2:G288,"YES") -> 5 | D32: =B32-C32 -> 0 | E32: =IF(B32>0,C32/B32,0) -> 1
A33: Bldg 68 – Koch Biology | B33: =COUNTIF('Coverage Data'!A2:A288,A33) -> 6 | C33: =COUNTIFS('Coverage Data'!A2:A288,A33,'Coverage Data'!G2:G288,"YES") -> 5 | D33: =B33-C33 -> 1 | E33: =IF(B33>0,C33/B33,0) -> 0.83333333
A34: Bldg 7 – Rogers Building | B34: =COUNTIF('Coverage Data'!A2:A288,A34) -> 4 | C34: =COUNTIFS('Coverage Data'!A2:A288,A34,'Coverage Data'!G2:G288,"YES") -> 3 | D34: =B34-C34 -> 1 | E34: =IF(B34>0,C34/B34,0) -> 0.75
A35: Bldg 76 – Koch Institute | B35: =COUNTIF('Coverage Data'!A2:A288,A35) -> 7 | C35: =COUNTIFS('Coverage Data'!A2:A288,A35,'Coverage Data'!G2:G288,"YES") -> 4 | D35: =B35-C35 -> 3 | E35: =IF(B35>0,C35/B35,0) -> 0.57142857
A36: Bldg 8 – Carr Lab | B36: =COUNTIF('Coverage Data'!A2:A288,A36) -> 4 | C36: =COUNTIFS('Coverage Data'!A2:A288,A36,'Coverage Data'!G2:G288,"YES") -> 2 | D36: =B36-C36 -> 2 | E36: =IF(B36>0,C36/B36,0) -> 0.5
A37: Bldg 9 – Hayden Library Annex | B37: =COUNTIF('Coverage Data'!A2:A288,A37) -> 3 | C37: =COUNTIFS('Coverage Data'!A2:A288,A37,'Coverage Data'!G2:G288,"YES") -> 3 | D37: =B37-C37 -> 0 | E37: =IF(B37>0,C37/B37,0) -> 1
A38: Bldg E14 – Media Lab (new) | B38: =COUNTIF('Coverage Data'!A2:A288,A38) -> 7 | C38: =COUNTIFS('Coverage Data'!A2:A288,A38,'Coverage Data'!G2:G288,"YES") -> 6 | D38: =B38-C38 -> 1 | E38: =IF(B38>0,C38/B38,0) -> 0.85714286
A39: Bldg E15 – Wiesner (Media Arts) | B39: =COUNTIF('Coverage Data'!A2:A288,A39) -> 4 | C39: =COUNTIFS('Coverage Data'!A2:A288,A39,'Coverage Data'!G2:G288,"YES") -> 2 | D39: =B39-C39 -> 2 | E39: =IF(B39>0,C39/B39,0) -> 0.5
A40: Bldg E17 – MIT Admissions | B40: =COUNTIF('Coverage Data'!A2:A288,A40) -> 3 | C40: =COUNTIFS('Coverage Data'!A2:A288,A40,'Coverage Data'!G2:G288,"YES") -> 1 | D40: =B40-C40 -> 2 | E40: =IF(B40>0,C40/B40,0) -> 0.33333333
A41: Bldg E18 – Ford Building | B41: =COUNTIF('Coverage Data'!A2:A288,A41) -> 3 | C41: =COUNTIFS('Coverage Data'!A2:A288,A41,'Coverage Data'!G2:G288,"YES") -> 2 | D41: =B41-C41 -> 1 | E41: =IF(B41>0,C41/B41,0) -> 0.66666667
A42: Bldg E25 – Whitaker College | B42: =COUNTIF('Coverage Data'!A2:A288,A42) -> 5 | C42: =COUNTIFS('Coverage Data'!A2:A288,A42,'Coverage Data'!G2:G288,"YES") -> 4 | D42: =B42-C42 -> 1 | E42: =IF(B42>0,C42/B42,0) -> 0.8
A43: Bldg E28 – MIT Museum | B43: =COUNTIF('Coverage Data'!A2:A288,A43) -> 3 | C43: =COUNTIFS('Coverage Data'!A2:A288,A43,'Coverage Data'!G2:G288,"YES") -> 1 | D43: =B43-C43 -> 2 | E43: =IF(B43>0,C43/B43,0) -> 0.33333333
A44: Bldg E40 – Muckley Building | B44: =COUNTIF('Coverage Data'!A2:A288,A44) -> 3 | C44: =COUNTIFS('Coverage Data'!A2:A288,A44,'Coverage Data'!G2:G288,"YES") -> 2 | D44: =B44-C44 -> 1 | E44: =IF(B44>0,C44/B44,0) -> 0.66666667
A45: Bldg E51 – Tang Center | B45: =COUNTIF('Coverage Data'!A2:A288,A45) -> 5 | C45: =COUNTIFS('Coverage Data'!A2:A288,A45,'Coverage Data'!G2:G288,"YES") -> 3 | D45: =B45-C45 -> 2 | E45: =IF(B45>0,C45/B45,0) -> 0.6
A46: Bldg E52 – Sloan School (Chang) | B46: =COUNTIF('Coverage Data'!A2:A288,A46) -> 6 | C46: =COUNTIFS('Coverage Data'!A2:A288,A46,'Coverage Data'!G2:G288,"YES") -> 3 | D46: =B46-C46 -> 3 | E46: =IF(B46>0,C46/B46,0) -> 0.5
A47: Bldg E53 – Hermann (Econ) | B47: =COUNTIF('Coverage Data'!A2:A288,A47) -> 5 | C47: =COUNTIFS('Coverage Data'!A2:A288,A47,'Coverage Data'!G2:G288,"YES") -> 2 | D47: =B47-C47 -> 3 | E47: =IF(B47>0,C47/B47,0) -> 0.4
A48: Bldg E62 – Sloan (new) | B48: =COUNTIF('Coverage Data'!A2:A288,A48) -> 5 | C48: =COUNTIFS('Coverage Data'!A2:A288,A48,'Coverage Data'!G2:G288,"YES") -> 4 | D48: =B48-C48 -> 1 | E48: =IF(B48>0,C48/B48,0) -> 0.8
A49: Bldg NW35 – Edgerton Center | B49: =COUNTIF('Coverage Data'!A2:A288,A49) -> 3 | C49: =COUNTIFS('Coverage Data'!A2:A288,A49,'Coverage Data'!G2:G288,"YES") -> 1 | D49: =B49-C49 -> 2 | E49: =IF(B49>0,C49/B49,0) -> 0.33333333
A50: Bldg W1 – Maseeh Hall | B50: =COUNTIF('Coverage Data'!A2:A288,A50) -> 6 | C50: =COUNTIFS('Coverage Data'!A2:A288,A50,'Coverage Data'!G2:G288,"YES") -> 6 | D50: =B50-C50 -> 0 | E50: =IF(B50>0,C50/B50,0) -> 1
A51: Bldg W16 – Kresge Auditorium | B51: =COUNTIF('Coverage Data'!A2:A288,A51) -> 2 | C51: =COUNTIFS('Coverage Data'!A2:A288,A51,'Coverage Data'!G2:G288,"YES") -> 0 | D51: =B51-C51 -> 2 | E51: =IF(B51>0,C51/B51,0) -> 0
A52: Bldg W20 – Student Center | B52: =COUNTIF('Coverage Data'!A2:A288,A52) -> 5 | C52: =COUNTIFS('Coverage Data'!A2:A288,A52,'Coverage Data'!G2:G288,"YES") -> 2 | D52: =B52-C52 -> 3 | E52: =IF(B52>0,C52/B52,0) -> 0.4
A53: Bldg W31 – du Pont Gymnasium | B53: =COUNTIF('Coverage Data'!A2:A288,A53) -> 3 | C53: =COUNTIFS('Coverage Data'!A2:A288,A53,'Coverage Data'!G2:G288,"YES") -> 3 | D53: =B53-C53 -> 0 | E53: =IF(B53>0,C53/B53,0) -> 1
A54: Bldg W35 – Zesiger Sports Center | B54: =COUNTIF('Coverage Data'!A2:A288,A54) -> 3 | C54: =COUNTIFS('Coverage Data'!A2:A288,A54,'Coverage Data'!G2:G288,"YES") -> 1 | D54: =B54-C54 -> 2 | E54: =IF(B54>0,C54/B54,0) -> 0.33333333
A55: Bldg W4 – McCormick Hall | B55: =COUNTIF('Coverage Data'!A2:A288,A55) -> 8 | C55: =COUNTIFS('Coverage Data'!A2:A288,A55,'Coverage Data'!G2:G288,"YES") -> 5 | D55: =B55-C55 -> 3 | E55: =IF(B55>0,C55/B55,0) -> 0.625
A56: Bldg W46 – New Vassar | B56: =COUNTIF('Coverage Data'!A2:A288,A56) -> 6 | C56: =COUNTIFS('Coverage Data'!A2:A288,A56,'Coverage Data'!G2:G288,"YES") -> 3 | D56: =B56-C56 -> 3 | E56: =IF(B56>0,C56/B56,0) -> 0.5
A57: Bldg W51 – Burton-Conner | B57: =COUNTIF('Coverage Data'!A2:A288,A57) -> 5 | C57: =COUNTIFS('Coverage Data'!A2:A288,A57,'Coverage Data'!G2:G288,"YES") -> 2 | D57: =B57-C57 -> 3 | E57: =IF(B57>0,C57/B57,0) -> 0.4
A58: Bldg W61 – MacGregor House | B58: =COUNTIF('Coverage Data'!A2:A288,A58) -> 5 | C58: =COUNTIFS('Coverage Data'!A2:A288,A58,'Coverage Data'!G2:G288,"YES") -> 2 | D58: =B58-C58 -> 3 | E58: =IF(B58>0,C58/B58,0) -> 0.4
A59: Bldg W7 – Baker House | B59: =COUNTIF('Coverage Data'!A2:A288,A59) -> 6 | C59: =COUNTIFS('Coverage Data'!A2:A288,A59,'Coverage Data'!G2:G288,"YES") -> 4 | D59: =B59-C59 -> 2 | E59: =IF(B59>0,C59/B59,0) -> 0.66666667
A60: Bldg W70 – Next House | B60: =COUNTIF('Coverage Data'!A2:A288,A60) -> 5 | C60: =COUNTIFS('Coverage Data'!A2:A288,A60,'Coverage Data'!G2:G288,"YES") -> 4 | D60: =B60-C60 -> 1 | E60: =IF(B60>0,C60/B60,0) -> 0.8
A61: Bldg W79 – Simmons Hall | B61: =COUNTIF('Coverage Data'!A2:A288,A61) -> 10 | C61: =COUNTIFS('Coverage Data'!A2:A288,A61,'Coverage Data'!G2:G288,"YES") -> 5 | D61: =B61-C61 -> 5 | E61: =IF(B61>0,C61/B61,0) -> 0.5
A62: TOTAL | B62: =SUM(B2:B61) -> 287 | C62: =SUM(C2:C61) -> 177 | D62: =SUM(D2:D61) -> 110 | E62: =IF(B62>0,C62/B62,0) -> 0.61672474
